{
  "slug": "TechTechTechnologies",
  "name": "TechTech Technologies",
  "version": "1.0.0",
  "license": "None",
  "brand": "TechTech Technologies",
  "author": "William Laub",
  "authorEmail": "",
  "authorUrl": "",
  "pluginUrl": "",
  "manualUrl": "",
  "sourceUrl": "https://github.com/wlaub",
  "donateUrl": "",
  "modules": [
    {
      "slug": "DAC",
      "name": "DAC",
      "description": "Bitwise DAC",
      "tags": [
        "digital",
        "quantizer",
        "utility"
      ]
    },
    {
      "slug": "mDAC",
      "name": "mDAC",
      "description": "Text to voltage converter",
      "tags": [
        "digital",
        "quanizer",
        "utility"
      ]
    },
    {
      "slug": "Prometheus",
      "name": "Prometheus",
      "description": "LFSR",
      "tags": [
        "DIGITAL",
        "logic",
        "noise",
        "oscillator",
        "sequencer"
      ]
    },
    {
      "slug": "Vulcan",
      "name": "Vulcan",
      "description": "Mask-based sequence generator",
      "tags": [
        "DIGITAL",
        "LOGIC",
        "SEQUENCER"
      ]
    },
    {
      "slug": "Sisyphus",
      "name": "Sisyphus",
      "description": "Looping buffer",
      "tags": [
        "SAMPLER",
        "UTILITY"
      ]
    },
    {
      "slug": "Polyphemus",
      "name": "Polyphemus",
      "description": "3-Pole Pair IIR filter with angle and radius control",
      "tags": [
        "VCF"
      ]
    },
    {
      "slug": "Ouroboros",
      "name": "Ouroboros",
      "description": "Oscillator FM feedback loop",
      "tags": [
        "VCO"
      ]
    },
    {
      "slug": "Odysseus",
      "name": "Odysseus (WIP)",
      "description": "Random Walk Generator",
      "tags": [
        "UTILITY",
        "FUNCTION_GENERATOR",
        "NOISE",
        "SLEW_LIMITER",
        "LFO"
      ]
    },
    {
      "slug": "Mneme",
      "name": "Mneme (WIP)",
      "description": "Delay",
      "tags": [
        "DELAY"
      ]
    },
    {
      "slug": "Achilles",
      "name": "Achilles (WIP)",
      "description": "Karplus-Strong toolkit",
      "tags": [
        "DELAY",
        "NOISE",
        "VCF",
        "ENVELOPE_GENERATOR"
      ]
    },
    {
      "slug": "QMod",
      "name": "QMod",
      "description": "4x Quadrature Modulators",
      "tags": [
        "Mixer",
        "Quad",
        "VCO"
      ]
    },
    {
      "slug": "Convo",
      "name": "Convo (WIP)",
      "description": "FIR filter sampler",
      "tags": [
        "Effect"
      ]
    },
    {
      "slug": "Pleiades",
      "name": "Pleiades (WIP)",
      "description": "Sequencer",
      "tags": [
        "Sequencer"
      ]
    },
    {
      "slug": "Polyphemus2",
      "name": "Polyphemus II (WIP)",
      "description": "Single-pole VCF x4",
      "tags": [
        "low pass gate",
        "quad",
        "vcf"
      ]
    },
    {
      "slug": "Prometheus2",
      "name": "Prometheus II (WIP)",
      "description": "LFSR Oscillator",
      "tags": [
        "vco",
        "noise",
        "logic"
      ]
    },
    {
      "slug": "LatComp",
      "name": "Latency Compensator",
      "description": "Ues a loopback to measure latency and provides multiple delays with the measured latency for synchronizing with external hardware through a high-latency interface.",
      "tags": [
        "delay",
        "utility",
        "external"
      ]
    },
    {
      "slug": "MetadataMain",
      "name": "Metadata Main",
      "description": "Used to add custom description metadata to a patch file for use by other programs.",
      "tags": []
    },
    {
      "slug": "MetadataFiles",
      "name": "Metadata Files",
      "description": "Used to add metadata containing listings of certain kinds of files to a patch file for use by other programs.",
      "tags": []
    }
  ]
}